date,year,month,day,name,temperature,pressure,precipitation
1/1/2014,2014,1,1,"AUSTIN BERGSTROM INTERNATIONAL AIRPORT, TX US",45.1,1022.6,0
1/2/2014,2014,1,2,"AUSTIN BERGSTROM INTERNATIONAL AIRPORT, TX US",46.3,1025.7,0
1/3/2014,2014,1,3,"AUSTIN BERGSTROM INTERNATIONAL AIRPORT, TX US",35.6,1030.5,0
1/4/2014,2014,1,4,"AUSTIN BERGSTROM INTERNATIONAL AIRPORT, TX US",49.7,1017.7,0
1/5/2014,2014,1,5,"AUSTIN BERGSTROM INTERNATIONAL AIRPORT, TX US",52.3,1015.3,0
1/6/2014,2014,1,6,"AUSTIN BERGSTROM INTERNATIONAL AIRPORT, TX US",31.1,1035.3,0
1/7/2014,2014,1,7,"AUSTIN BERGSTROM INTERNATIONAL AIRPORT, TX US",28.5,1036.8,0
1/8/2014,2014,1,8,"AUSTIN BERGSTROM INTERNATIONAL AIRPORT, TX US",44.1,1025.2,0.02
1/9/2014,2014,1,9,"AUSTIN BERGSTROM INTERNATIONAL AIRPORT, TX US",55,1019.6,0.14
1/10/2014,2014,1,10,"AUSTIN BERGSTROM INTERNATIONAL AIRPORT, TX US",64.8,1012.7,0.01
1/11/2014,2014,1,11,"AUSTIN BERGSTROM INTERNATIONAL AIRPORT, TX US",60.5,1014.8,0.09
1/12/2014,2014,1,12,"AUSTIN BERGSTROM INTERNATIONAL AIRPORT, TX US",49.9,1018.3,0
1/13/2014,2014,1,13,"AUSTIN BERGSTROM INTERNATIONAL AIRPORT, TX US",62.8,1015,0.01
1/14/2014,2014,1,14,"AUSTIN BERGSTROM INTERNATIONAL AIRPORT, TX US",49.8,1019.2,0
1/15/2014,2014,1,15,"AUSTIN BERGSTROM INTERNATIONAL AIRPORT, TX US",52.5,1027.1,0
1/16/2014,2014,1,16,"AUSTIN BERGSTROM INTERNATIONAL AIRPORT, TX US",49.2,1020.6,0
1/17/2014,2014,1,17,"AUSTIN BERGSTROM INTERNATIONAL AIRPORT, TX US",50,1024.3,0
1/18/2014,2014,1,18,"AUSTIN BERGSTROM INTERNATIONAL AIRPORT, TX US",44.5,1023.8,0
1/19/2014,2014,1,19,"AUSTIN BERGSTROM INTERNATIONAL AIRPORT, TX US",50.1,1023.5,0
1/20/2014,2014,1,20,"AUSTIN BERGSTROM INTERNATIONAL AIRPORT, TX US",53.7,1017.1,0
1/21/2014,2014,1,21,"AUSTIN BERGSTROM INTERNATIONAL AIRPORT, TX US",58,1023.7,0
1/22/2014,2014,1,22,"AUSTIN BERGSTROM INTERNATIONAL AIRPORT, TX US",44.8,1022,0
1/23/2014,2014,1,23,"AUSTIN BERGSTROM INTERNATIONAL AIRPORT, TX US",45.1,1021.3,0
1/24/2014,2014,1,24,"AUSTIN BERGSTROM INTERNATIONAL AIRPORT, TX US",29.7,1037.9,0.11
1/25/2014,2014,1,25,"AUSTIN BERGSTROM INTERNATIONAL AIRPORT, TX US",36.9,1025.8,0.05
1/26/2014,2014,1,26,"AUSTIN BERGSTROM INTERNATIONAL AIRPORT, TX US",53.6,1013.6,0
1/27/2014,2014,1,27,"AUSTIN BERGSTROM INTERNATIONAL AIRPORT, TX US",48.9,1013.8,0
1/28/2014,2014,1,28,"AUSTIN BERGSTROM INTERNATIONAL AIRPORT, TX US",33.1,1027,0.03
1/29/2014,2014,1,29,"AUSTIN BERGSTROM INTERNATIONAL AIRPORT, TX US",32.8,1031.3,0.04
1/30/2014,2014,1,30,"AUSTIN BERGSTROM INTERNATIONAL AIRPORT, TX US",40.7,1021.7,0
1/31/2014,2014,1,31,"AUSTIN BERGSTROM INTERNATIONAL AIRPORT, TX US",61.6,1012,0
2/1/2014,2014,2,1,"AUSTIN BERGSTROM INTERNATIONAL AIRPORT, TX US",68.8,1008.9,0
2/2/2014,2014,2,2,"AUSTIN BERGSTROM INTERNATIONAL AIRPORT, TX US",49.1,1015.6,0
2/3/2014,2014,2,3,"AUSTIN BERGSTROM INTERNATIONAL AIRPORT, TX US",37.4,1023.1,0.02
2/4/2014,2014,2,4,"AUSTIN BERGSTROM INTERNATIONAL AIRPORT, TX US",46.2,1014.7,0.13
2/5/2014,2014,2,5,"AUSTIN BERGSTROM INTERNATIONAL AIRPORT, TX US",42.3,1023.5,0.02
2/6/2014,2014,2,6,"AUSTIN BERGSTROM INTERNATIONAL AIRPORT, TX US",29.6,1031.6,0
2/7/2014,2014,2,7,"AUSTIN BERGSTROM INTERNATIONAL AIRPORT, TX US",30.2,1028.5,0
2/8/2014,2014,2,8,"AUSTIN BERGSTROM INTERNATIONAL AIRPORT, TX US",41.3,1022.8,0
2/9/2014,2014,2,9,"AUSTIN BERGSTROM INTERNATIONAL AIRPORT, TX US",51.4,1017.8,0
2/10/2014,2014,2,10,"AUSTIN BERGSTROM INTERNATIONAL AIRPORT, TX US",46.8,1019,0
2/11/2014,2014,2,11,"AUSTIN BERGSTROM INTERNATIONAL AIRPORT, TX US",34.7,1023,0
2/12/2014,2014,2,12,"AUSTIN BERGSTROM INTERNATIONAL AIRPORT, TX US",38.8,1022.6,0.1
2/13/2014,2014,2,13,"AUSTIN BERGSTROM INTERNATIONAL AIRPORT, TX US",42.5,1018.2,0
2/14/2014,2014,2,14,"AUSTIN BERGSTROM INTERNATIONAL AIRPORT, TX US",57.5,1012.4,0
2/15/2014,2014,2,15,"AUSTIN BERGSTROM INTERNATIONAL AIRPORT, TX US",54.6,1018.8,0
2/16/2014,2014,2,16,"AUSTIN BERGSTROM INTERNATIONAL AIRPORT, TX US",61.9,1016.2,0
2/17/2014,2014,2,17,"AUSTIN BERGSTROM INTERNATIONAL AIRPORT, TX US",67.5,1015.3,0
2/18/2014,2014,2,18,"AUSTIN BERGSTROM INTERNATIONAL AIRPORT, TX US",62.7,1016.8,0
2/19/2014,2014,2,19,"AUSTIN BERGSTROM INTERNATIONAL AIRPORT, TX US",67.1,1011.8,0
2/20/2014,2014,2,20,"AUSTIN BERGSTROM INTERNATIONAL AIRPORT, TX US",70.8,1008.1,0
2/21/2014,2014,2,21,"AUSTIN BERGSTROM INTERNATIONAL AIRPORT, TX US",55,1019.2,0
2/22/2014,2014,2,22,"AUSTIN BERGSTROM INTERNATIONAL AIRPORT, TX US",53.9,1016.1,0
2/23/2014,2014,2,23,"AUSTIN BERGSTROM INTERNATIONAL AIRPORT, TX US",68.5,1012.6,0
2/24/2014,2014,2,24,"AUSTIN BERGSTROM INTERNATIONAL AIRPORT, TX US",63.2,1016.8,0
2/25/2014,2014,2,25,"AUSTIN BERGSTROM INTERNATIONAL AIRPORT, TX US",64.5,1015.1,0.02
2/26/2014,2014,2,26,"AUSTIN BERGSTROM INTERNATIONAL AIRPORT, TX US",44.6,1020,0.06
2/27/2014,2014,2,27,"AUSTIN BERGSTROM INTERNATIONAL AIRPORT, TX US",37.8,1021.5,0.05
2/28/2014,2014,2,28,"AUSTIN BERGSTROM INTERNATIONAL AIRPORT, TX US",51.6,1012,0
3/1/2014,2014,3,1,"AUSTIN BERGSTROM INTERNATIONAL AIRPORT, TX US",60.3,1012.3,0
3/2/2014,2014,3,2,"AUSTIN BERGSTROM INTERNATIONAL AIRPORT, TX US",61.2,1014.3,0.01
3/3/2014,2014,3,3,"AUSTIN BERGSTROM INTERNATIONAL AIRPORT, TX US",30.8,1026.6,0.08
3/4/2014,2014,3,4,"AUSTIN BERGSTROM INTERNATIONAL AIRPORT, TX US",35.6,1022.2,0.25
3/5/2014,2014,3,5,"AUSTIN BERGSTROM INTERNATIONAL AIRPORT, TX US",43.2,1017.7,0.02
3/6/2014,2014,3,6,"AUSTIN BERGSTROM INTERNATIONAL AIRPORT, TX US",50,1021,0
3/7/2014,2014,3,7,"AUSTIN BERGSTROM INTERNATIONAL AIRPORT, TX US",48.2,1016.9,0
3/8/2014,2014,3,8,"AUSTIN BERGSTROM INTERNATIONAL AIRPORT, TX US",55.5,1014.4,0
3/9/2014,2014,3,9,"AUSTIN BERGSTROM INTERNATIONAL AIRPORT, TX US",46.2,1025.2,0.85
3/10/2014,2014,3,10,"AUSTIN BERGSTROM INTERNATIONAL AIRPORT, TX US",57.2,1020.4,0
3/11/2014,2014,3,11,"AUSTIN BERGSTROM INTERNATIONAL AIRPORT, TX US",63.2,1008.2,0.01
3/12/2014,2014,3,12,"AUSTIN BERGSTROM INTERNATIONAL AIRPORT, TX US",60.8,1014.4,0
3/13/2014,2014,3,13,"AUSTIN BERGSTROM INTERNATIONAL AIRPORT, TX US",50,1025.4,0
3/14/2014,2014,3,14,"AUSTIN BERGSTROM INTERNATIONAL AIRPORT, TX US",56.2,1018.1,0
3/15/2014,2014,3,15,"AUSTIN BERGSTROM INTERNATIONAL AIRPORT, TX US",65.9,1011.9,0
3/16/2014,2014,3,16,"AUSTIN BERGSTROM INTERNATIONAL AIRPORT, TX US",61,1009.5,0.07
3/17/2014,2014,3,17,"AUSTIN BERGSTROM INTERNATIONAL AIRPORT, TX US",52.7,1015.6,0
3/18/2014,2014,3,18,"AUSTIN BERGSTROM INTERNATIONAL AIRPORT, TX US",57.5,1007.4,0
3/19/2014,2014,3,19,"AUSTIN BERGSTROM INTERNATIONAL AIRPORT, TX US",63.3,1014.9,0
3/20/2014,2014,3,20,"AUSTIN BERGSTROM INTERNATIONAL AIRPORT, TX US",54.8,1021.9,0
3/21/2014,2014,3,21,"AUSTIN BERGSTROM INTERNATIONAL AIRPORT, TX US",60.9,1014.7,0
3/22/2014,2014,3,22,"AUSTIN BERGSTROM INTERNATIONAL AIRPORT, TX US",68.7,1012.2,0
3/23/2014,2014,3,23,"AUSTIN BERGSTROM INTERNATIONAL AIRPORT, TX US",59.8,1019.4,0
3/24/2014,2014,3,24,"AUSTIN BERGSTROM INTERNATIONAL AIRPORT, TX US",53.9,1021.1,0
3/25/2014,2014,3,25,"AUSTIN BERGSTROM INTERNATIONAL AIRPORT, TX US",53.7,1022.7,0
3/26/2014,2014,3,26,"AUSTIN BERGSTROM INTERNATIONAL AIRPORT, TX US",58,1020.5,0
3/27/2014,2014,3,27,"AUSTIN BERGSTROM INTERNATIONAL AIRPORT, TX US",67,1011.1,0.01
3/28/2014,2014,3,28,"AUSTIN BERGSTROM INTERNATIONAL AIRPORT, TX US",73.7,1007.8,0
3/29/2014,2014,3,29,"AUSTIN BERGSTROM INTERNATIONAL AIRPORT, TX US",64.6,1018.8,0
3/30/2014,2014,3,30,"AUSTIN BERGSTROM INTERNATIONAL AIRPORT, TX US",58.7,1021.6,0
3/31/2014,2014,3,31,"AUSTIN BERGSTROM INTERNATIONAL AIRPORT, TX US",68,1013.9,0
4/1/2014,2014,4,1,"AUSTIN BERGSTROM INTERNATIONAL AIRPORT, TX US",73.6,1012.2,0
4/2/2014,2014,4,2,"AUSTIN BERGSTROM INTERNATIONAL AIRPORT, TX US",75.9,1008.7,0
4/3/2014,2014,4,3,"AUSTIN BERGSTROM INTERNATIONAL AIRPORT, TX US",76,1006.3,0
4/4/2014,2014,4,4,"AUSTIN BERGSTROM INTERNATIONAL AIRPORT, TX US",66.9,1014.4,0
4/5/2014,2014,4,5,"AUSTIN BERGSTROM INTERNATIONAL AIRPORT, TX US",58.5,1016.8,0
4/6/2014,2014,4,6,"AUSTIN BERGSTROM INTERNATIONAL AIRPORT, TX US",57.4,1009.9,0.1
4/7/2014,2014,4,7,"AUSTIN BERGSTROM INTERNATIONAL AIRPORT, TX US",57.9,1010.9,0.1
4/8/2014,2014,4,8,"AUSTIN BERGSTROM INTERNATIONAL AIRPORT, TX US",59.7,1018.7,0.27
4/9/2014,2014,4,9,"AUSTIN BERGSTROM INTERNATIONAL AIRPORT, TX US",59.4,1022.1,0
4/10/2014,2014,4,10,"AUSTIN BERGSTROM INTERNATIONAL AIRPORT, TX US",67.7,1017,0
4/11/2014,2014,4,11,"AUSTIN BERGSTROM INTERNATIONAL AIRPORT, TX US",70,1014.3,0
4/12/2014,2014,4,12,"AUSTIN BERGSTROM INTERNATIONAL AIRPORT, TX US",73,1012.5,0
4/13/2014,2014,4,13,"AUSTIN BERGSTROM INTERNATIONAL AIRPORT, TX US",72.7,1008.1,0
4/14/2014,2014,4,14,"AUSTIN BERGSTROM INTERNATIONAL AIRPORT, TX US",64.4,1009.5,0
4/15/2014,2014,4,15,"AUSTIN BERGSTROM INTERNATIONAL AIRPORT, TX US",50.5,1025,1.34
4/16/2014,2014,4,16,"AUSTIN BERGSTROM INTERNATIONAL AIRPORT, TX US",50.8,1019.5,0
4/17/2014,2014,4,17,"AUSTIN BERGSTROM INTERNATIONAL AIRPORT, TX US",60.4,1015.8,0
4/18/2014,2014,4,18,"AUSTIN BERGSTROM INTERNATIONAL AIRPORT, TX US",65.1,1020.6,0.07
4/19/2014,2014,4,19,"AUSTIN BERGSTROM INTERNATIONAL AIRPORT, TX US",63.6,1019.9,0
4/20/2014,2014,4,20,"AUSTIN BERGSTROM INTERNATIONAL AIRPORT, TX US",67.2,1018.6,0
4/21/2014,2014,4,21,"AUSTIN BERGSTROM INTERNATIONAL AIRPORT, TX US",71.2,1016,0
4/22/2014,2014,4,22,"AUSTIN BERGSTROM INTERNATIONAL AIRPORT, TX US",74.1,1014.5,0.01
4/23/2014,2014,4,23,"AUSTIN BERGSTROM INTERNATIONAL AIRPORT, TX US",69.9,1011.9,0
4/24/2014,2014,4,24,"AUSTIN BERGSTROM INTERNATIONAL AIRPORT, TX US",73.6,1009,0
4/25/2014,2014,4,25,"AUSTIN BERGSTROM INTERNATIONAL AIRPORT, TX US",71.7,1012.8,0
4/26/2014,2014,4,26,"AUSTIN BERGSTROM INTERNATIONAL AIRPORT, TX US",74.1,1009,0
4/27/2014,2014,4,27,"AUSTIN BERGSTROM INTERNATIONAL AIRPORT, TX US",79.6,1001.3,0
4/28/2014,2014,4,28,"AUSTIN BERGSTROM INTERNATIONAL AIRPORT, TX US",80.7,1001.6,0
4/29/2014,2014,4,29,"AUSTIN BERGSTROM INTERNATIONAL AIRPORT, TX US",71.4,1005.3,0
4/30/2014,2014,4,30,"AUSTIN BERGSTROM INTERNATIONAL AIRPORT, TX US",65.2,1016.6,0
5/1/2014,2014,5,1,"AUSTIN BERGSTROM INTERNATIONAL AIRPORT, TX US",60.9,1020.1,0
5/2/2014,2014,5,2,"AUSTIN BERGSTROM INTERNATIONAL AIRPORT, TX US",65.4,1017,0
5/3/2014,2014,5,3,"AUSTIN BERGSTROM INTERNATIONAL AIRPORT, TX US",71.9,1015.6,0
5/4/2014,2014,5,4,"AUSTIN BERGSTROM INTERNATIONAL AIRPORT, TX US",73.2,1016.8,0
5/5/2014,2014,5,5,"AUSTIN BERGSTROM INTERNATIONAL AIRPORT, TX US",72.3,1014,0
5/6/2014,2014,5,6,"AUSTIN BERGSTROM INTERNATIONAL AIRPORT, TX US",73.1,1009.3,0
5/7/2014,2014,5,7,"AUSTIN BERGSTROM INTERNATIONAL AIRPORT, TX US",76.4,1008.8,0
5/8/2014,2014,5,8,"AUSTIN BERGSTROM INTERNATIONAL AIRPORT, TX US",77.2,1008.5,0
5/9/2014,2014,5,9,"AUSTIN BERGSTROM INTERNATIONAL AIRPORT, TX US",77.3,1010.6,0.06
5/10/2014,2014,5,10,"AUSTIN BERGSTROM INTERNATIONAL AIRPORT, TX US",70.8,1010.7,0
5/11/2014,2014,5,11,"AUSTIN BERGSTROM INTERNATIONAL AIRPORT, TX US",79.9,1007.5,0
5/12/2014,2014,5,12,"AUSTIN BERGSTROM INTERNATIONAL AIRPORT, TX US",79.1,1007.7,0
5/13/2014,2014,5,13,"AUSTIN BERGSTROM INTERNATIONAL AIRPORT, TX US",64.1,1016.9,3.27
5/14/2014,2014,5,14,"AUSTIN BERGSTROM INTERNATIONAL AIRPORT, TX US",62,1022.9,0.26
5/15/2014,2014,5,15,"AUSTIN BERGSTROM INTERNATIONAL AIRPORT, TX US",62,1023.8,0.07
5/16/2014,2014,5,16,"AUSTIN BERGSTROM INTERNATIONAL AIRPORT, TX US",70.6,1019,0
5/17/2014,2014,5,17,"AUSTIN BERGSTROM INTERNATIONAL AIRPORT, TX US",71.2,1014.9,0
5/18/2014,2014,5,18,"AUSTIN BERGSTROM INTERNATIONAL AIRPORT, TX US",70.8,1016.2,0
5/19/2014,2014,5,19,"AUSTIN BERGSTROM INTERNATIONAL AIRPORT, TX US",74.5,1015.8,0
5/20/2014,2014,5,20,"AUSTIN BERGSTROM INTERNATIONAL AIRPORT, TX US",76.2,1015.6,0
5/21/2014,2014,5,21,"AUSTIN BERGSTROM INTERNATIONAL AIRPORT, TX US",77.6,1015.9,0
5/22/2014,2014,5,22,"AUSTIN BERGSTROM INTERNATIONAL AIRPORT, TX US",76.6,1016.4,0
5/23/2014,2014,5,23,"AUSTIN BERGSTROM INTERNATIONAL AIRPORT, TX US",75.9,1016.3,0
5/24/2014,2014,5,24,"AUSTIN BERGSTROM INTERNATIONAL AIRPORT, TX US",75.6,1014.8,0.19
5/25/2014,2014,5,25,"AUSTIN BERGSTROM INTERNATIONAL AIRPORT, TX US",78.2,1014,0.02
5/26/2014,2014,5,26,"AUSTIN BERGSTROM INTERNATIONAL AIRPORT, TX US",73.3,1014.8,0.11
5/27/2014,2014,5,27,"AUSTIN BERGSTROM INTERNATIONAL AIRPORT, TX US",67.2,1013.5,3.09
5/28/2014,2014,5,28,"AUSTIN BERGSTROM INTERNATIONAL AIRPORT, TX US",73.6,1011.3,0.11
5/29/2014,2014,5,29,"AUSTIN BERGSTROM INTERNATIONAL AIRPORT, TX US",75,1010.9,0
5/30/2014,2014,5,30,"AUSTIN BERGSTROM INTERNATIONAL AIRPORT, TX US",78,1009.9,0
5/31/2014,2014,5,31,"AUSTIN BERGSTROM INTERNATIONAL AIRPORT, TX US",79.8,1010.3,0
6/1/2014,2014,6,1,"AUSTIN BERGSTROM INTERNATIONAL AIRPORT, TX US",78.2,1011.3,0
6/2/2014,2014,6,2,"AUSTIN BERGSTROM INTERNATIONAL AIRPORT, TX US",80.5,1011.8,0
6/3/2014,2014,6,3,"AUSTIN BERGSTROM INTERNATIONAL AIRPORT, TX US",80.9,1013.4,0
6/4/2014,2014,6,4,"AUSTIN BERGSTROM INTERNATIONAL AIRPORT, TX US",80.2,1011.3,0
6/5/2014,2014,6,5,"AUSTIN BERGSTROM INTERNATIONAL AIRPORT, TX US",81,1009.3,0
6/6/2014,2014,6,6,"AUSTIN BERGSTROM INTERNATIONAL AIRPORT, TX US",81.1,1010.6,0
6/7/2014,2014,6,7,"AUSTIN BERGSTROM INTERNATIONAL AIRPORT, TX US",81.4,1011.4,0
6/8/2014,2014,6,8,"AUSTIN BERGSTROM INTERNATIONAL AIRPORT, TX US",82.1,1010.8,0
6/9/2014,2014,6,9,"AUSTIN BERGSTROM INTERNATIONAL AIRPORT, TX US",79.6,1008.4,0
6/10/2014,2014,6,10,"AUSTIN BERGSTROM INTERNATIONAL AIRPORT, TX US",77.1,1010.2,0.55
6/11/2014,2014,6,11,"AUSTIN BERGSTROM INTERNATIONAL AIRPORT, TX US",77.6,1010.6,0
6/12/2014,2014,6,12,"AUSTIN BERGSTROM INTERNATIONAL AIRPORT, TX US",83.8,1008.7,0
6/13/2014,2014,6,13,"AUSTIN BERGSTROM INTERNATIONAL AIRPORT, TX US",78.8,1012.4,1.27
6/14/2014,2014,6,14,"AUSTIN BERGSTROM INTERNATIONAL AIRPORT, TX US",79.9,1011.6,0
6/15/2014,2014,6,15,"AUSTIN BERGSTROM INTERNATIONAL AIRPORT, TX US",82.5,1010.7,0
6/16/2014,2014,6,16,"AUSTIN BERGSTROM INTERNATIONAL AIRPORT, TX US",83.5,1013.4,0
6/17/2014,2014,6,17,"AUSTIN BERGSTROM INTERNATIONAL AIRPORT, TX US",83.7,1014,0
6/18/2014,2014,6,18,"AUSTIN BERGSTROM INTERNATIONAL AIRPORT, TX US",83.3,1013.2,0
6/19/2014,2014,6,19,"AUSTIN BERGSTROM INTERNATIONAL AIRPORT, TX US",82.6,1014.3,0.02
6/20/2014,2014,6,20,"AUSTIN BERGSTROM INTERNATIONAL AIRPORT, TX US",80.7,1016,0.01
6/21/2014,2014,6,21,"AUSTIN BERGSTROM INTERNATIONAL AIRPORT, TX US",81.7,1014.4,0
6/22/2014,2014,6,22,"AUSTIN BERGSTROM INTERNATIONAL AIRPORT, TX US",82.4,1011.7,0
6/23/2014,2014,6,23,"AUSTIN BERGSTROM INTERNATIONAL AIRPORT, TX US",79.5,1011.5,0
6/24/2014,2014,6,24,"AUSTIN BERGSTROM INTERNATIONAL AIRPORT, TX US",81.4,1014.2,0.27
6/25/2014,2014,6,25,"AUSTIN BERGSTROM INTERNATIONAL AIRPORT, TX US",78.8,1015,0.24
6/26/2014,2014,6,26,"AUSTIN BERGSTROM INTERNATIONAL AIRPORT, TX US",76.6,1013.3,0.49
6/27/2014,2014,6,27,"AUSTIN BERGSTROM INTERNATIONAL AIRPORT, TX US",80.3,1010.6,0.01
6/28/2014,2014,6,28,"AUSTIN BERGSTROM INTERNATIONAL AIRPORT, TX US",83.4,1010.5,0
6/29/2014,2014,6,29,"AUSTIN BERGSTROM INTERNATIONAL AIRPORT, TX US",85.1,1013.5,0
6/30/2014,2014,6,30,"AUSTIN BERGSTROM INTERNATIONAL AIRPORT, TX US",84.6,1013.6,0
7/1/2014,2014,7,1,"AUSTIN BERGSTROM INTERNATIONAL AIRPORT, TX US",83.6,1012.2,0
7/2/2014,2014,7,2,"AUSTIN BERGSTROM INTERNATIONAL AIRPORT, TX US",82.1,1014.9,0
7/3/2014,2014,7,3,"AUSTIN BERGSTROM INTERNATIONAL AIRPORT, TX US",82.3,1017.1,0.01
7/4/2014,2014,7,4,"AUSTIN BERGSTROM INTERNATIONAL AIRPORT, TX US",77.1,1020.2,0.07
7/5/2014,2014,7,5,"AUSTIN BERGSTROM INTERNATIONAL AIRPORT, TX US",78.3,1020.1,0
7/6/2014,2014,7,6,"AUSTIN BERGSTROM INTERNATIONAL AIRPORT, TX US",78.7,1016.6,0
7/7/2014,2014,7,7,"AUSTIN BERGSTROM INTERNATIONAL AIRPORT, TX US",82.5,1014.7,0
7/8/2014,2014,7,8,"AUSTIN BERGSTROM INTERNATIONAL AIRPORT, TX US",83.1,1014.9,0
7/9/2014,2014,7,9,"AUSTIN BERGSTROM INTERNATIONAL AIRPORT, TX US",82.7,1015.8,0
7/10/2014,2014,7,10,"AUSTIN BERGSTROM INTERNATIONAL AIRPORT, TX US",81.1,1015.2,0
7/11/2014,2014,7,11,"AUSTIN BERGSTROM INTERNATIONAL AIRPORT, TX US",79.4,1017.5,0
7/12/2014,2014,7,12,"AUSTIN BERGSTROM INTERNATIONAL AIRPORT, TX US",80.9,1018.9,0
7/13/2014,2014,7,13,"AUSTIN BERGSTROM INTERNATIONAL AIRPORT, TX US",84.5,1017.1,0
7/14/2014,2014,7,14,"AUSTIN BERGSTROM INTERNATIONAL AIRPORT, TX US",84.9,1015,0
7/15/2014,2014,7,15,"AUSTIN BERGSTROM INTERNATIONAL AIRPORT, TX US",82.9,1013.8,0
7/16/2014,2014,7,16,"AUSTIN BERGSTROM INTERNATIONAL AIRPORT, TX US",80.9,1013.6,0.06
7/17/2014,2014,7,17,"AUSTIN BERGSTROM INTERNATIONAL AIRPORT, TX US",82.2,1010.5,0.31
7/18/2014,2014,7,18,"AUSTIN BERGSTROM INTERNATIONAL AIRPORT, TX US",76.8,1011.5,5.05
7/19/2014,2014,7,19,"AUSTIN BERGSTROM INTERNATIONAL AIRPORT, TX US",76.3,1014.8,0.25
7/20/2014,2014,7,20,"AUSTIN BERGSTROM INTERNATIONAL AIRPORT, TX US",81,1013.8,0
7/21/2014,2014,7,21,"AUSTIN BERGSTROM INTERNATIONAL AIRPORT, TX US",85.4,1013.6,0
7/22/2014,2014,7,22,"AUSTIN BERGSTROM INTERNATIONAL AIRPORT, TX US",84.8,1014.7,0
7/23/2014,2014,7,23,"AUSTIN BERGSTROM INTERNATIONAL AIRPORT, TX US",85.5,1015.7,0
7/24/2014,2014,7,24,"AUSTIN BERGSTROM INTERNATIONAL AIRPORT, TX US",83.3,1014.8,0
7/25/2014,2014,7,25,"AUSTIN BERGSTROM INTERNATIONAL AIRPORT, TX US",83.7,1014.5,0.09
7/26/2014,2014,7,26,"AUSTIN BERGSTROM INTERNATIONAL AIRPORT, TX US",86.1,1014,0
7/27/2014,2014,7,27,"AUSTIN BERGSTROM INTERNATIONAL AIRPORT, TX US",86,1014.9,0
7/28/2014,2014,7,28,"AUSTIN BERGSTROM INTERNATIONAL AIRPORT, TX US",85.8,1016.5,0
7/29/2014,2014,7,29,"AUSTIN BERGSTROM INTERNATIONAL AIRPORT, TX US",85.3,1016.6,0
7/30/2014,2014,7,30,"AUSTIN BERGSTROM INTERNATIONAL AIRPORT, TX US",83.1,1015,0
7/31/2014,2014,7,31,"AUSTIN BERGSTROM INTERNATIONAL AIRPORT, TX US",85,1012.7,0
8/1/2014,2014,8,1,"AUSTIN BERGSTROM INTERNATIONAL AIRPORT, TX US",82.7,1014.3,0
8/2/2014,2014,8,2,"AUSTIN BERGSTROM INTERNATIONAL AIRPORT, TX US",78.1,1015.7,0
8/3/2014,2014,8,3,"AUSTIN BERGSTROM INTERNATIONAL AIRPORT, TX US",78.9,1015.8,0
8/4/2014,2014,8,4,"AUSTIN BERGSTROM INTERNATIONAL AIRPORT, TX US",82.1,1014.7,0
8/5/2014,2014,8,5,"AUSTIN BERGSTROM INTERNATIONAL AIRPORT, TX US",81.7,1015.4,0
8/6/2014,2014,8,6,"AUSTIN BERGSTROM INTERNATIONAL AIRPORT, TX US",84.8,1014.7,0
8/7/2014,2014,8,7,"AUSTIN BERGSTROM INTERNATIONAL AIRPORT, TX US",87.3,1011.7,0
8/8/2014,2014,8,8,"AUSTIN BERGSTROM INTERNATIONAL AIRPORT, TX US",88,1011.2,0
8/9/2014,2014,8,9,"AUSTIN BERGSTROM INTERNATIONAL AIRPORT, TX US",87.4,1013.2,0
8/10/2014,2014,8,10,"AUSTIN BERGSTROM INTERNATIONAL AIRPORT, TX US",88.5,1014,0
8/11/2014,2014,8,11,"AUSTIN BERGSTROM INTERNATIONAL AIRPORT, TX US",86.8,1014.9,0
8/12/2014,2014,8,12,"AUSTIN BERGSTROM INTERNATIONAL AIRPORT, TX US",84.2,1015.7,0.05
8/13/2014,2014,8,13,"AUSTIN BERGSTROM INTERNATIONAL AIRPORT, TX US",83,1015.7,0
8/14/2014,2014,8,14,"AUSTIN BERGSTROM INTERNATIONAL AIRPORT, TX US",82,1015,0
8/15/2014,2014,8,15,"AUSTIN BERGSTROM INTERNATIONAL AIRPORT, TX US",85.7,1013,0
8/16/2014,2014,8,16,"AUSTIN BERGSTROM INTERNATIONAL AIRPORT, TX US",87.1,1011.7,0
8/17/2014,2014,8,17,"AUSTIN BERGSTROM INTERNATIONAL AIRPORT, TX US",87.7,1012.1,0
8/18/2014,2014,8,18,"AUSTIN BERGSTROM INTERNATIONAL AIRPORT, TX US",88.4,1012,0
8/19/2014,2014,8,19,"AUSTIN BERGSTROM INTERNATIONAL AIRPORT, TX US",85.6,1011.2,0
8/20/2014,2014,8,20,"AUSTIN BERGSTROM INTERNATIONAL AIRPORT, TX US",87.6,1011.5,0
8/21/2014,2014,8,21,"AUSTIN BERGSTROM INTERNATIONAL AIRPORT, TX US",88.5,1015.4,0
8/22/2014,2014,8,22,"AUSTIN BERGSTROM INTERNATIONAL AIRPORT, TX US",88.6,1015,0
8/23/2014,2014,8,23,"AUSTIN BERGSTROM INTERNATIONAL AIRPORT, TX US",86,1013.8,0
8/24/2014,2014,8,24,"AUSTIN BERGSTROM INTERNATIONAL AIRPORT, TX US",87.5,1011.7,0
8/25/2014,2014,8,25,"AUSTIN BERGSTROM INTERNATIONAL AIRPORT, TX US",86.9,1011.8,0
8/26/2014,2014,8,26,"AUSTIN BERGSTROM INTERNATIONAL AIRPORT, TX US",87.2,1012.8,0
8/27/2014,2014,8,27,"AUSTIN BERGSTROM INTERNATIONAL AIRPORT, TX US",84,1014.2,0
8/28/2014,2014,8,28,"AUSTIN BERGSTROM INTERNATIONAL AIRPORT, TX US",83.5,1012.3,0
8/29/2014,2014,8,29,"AUSTIN BERGSTROM INTERNATIONAL AIRPORT, TX US",82.8,1010.4,0
8/30/2014,2014,8,30,"AUSTIN BERGSTROM INTERNATIONAL AIRPORT, TX US",80.7,1011.5,0.07
8/31/2014,2014,8,31,"AUSTIN BERGSTROM INTERNATIONAL AIRPORT, TX US",83.5,1012.4,0
9/1/2014,2014,9,1,"AUSTIN BERGSTROM INTERNATIONAL AIRPORT, TX US",85.8,1011.4,0
9/2/2014,2014,9,2,"AUSTIN BERGSTROM INTERNATIONAL AIRPORT, TX US",85.5,1011.9,0
9/3/2014,2014,9,3,"AUSTIN BERGSTROM INTERNATIONAL AIRPORT, TX US",84.6,1012.8,0.01
9/4/2014,2014,9,4,"AUSTIN BERGSTROM INTERNATIONAL AIRPORT, TX US",82,1014.3,0
9/5/2014,2014,9,5,"AUSTIN BERGSTROM INTERNATIONAL AIRPORT, TX US",82.5,1015.4,0.98
9/6/2014,2014,9,6,"AUSTIN BERGSTROM INTERNATIONAL AIRPORT, TX US",82.2,1015.4,0.02
9/7/2014,2014,9,7,"AUSTIN BERGSTROM INTERNATIONAL AIRPORT, TX US",81,1015.4,0.41
9/8/2014,2014,9,8,"AUSTIN BERGSTROM INTERNATIONAL AIRPORT, TX US",80.4,1015.1,0.08
9/9/2014,2014,9,9,"AUSTIN BERGSTROM INTERNATIONAL AIRPORT, TX US",83.4,1013.3,0
9/10/2014,2014,9,10,"AUSTIN BERGSTROM INTERNATIONAL AIRPORT, TX US",86.1,1009.6,0
9/11/2014,2014,9,11,"AUSTIN BERGSTROM INTERNATIONAL AIRPORT, TX US",85.9,1010.7,0
9/12/2014,2014,9,12,"AUSTIN BERGSTROM INTERNATIONAL AIRPORT, TX US",83,1013.3,0
9/13/2014,2014,9,13,"AUSTIN BERGSTROM INTERNATIONAL AIRPORT, TX US",64.6,1020.1,0.51
9/14/2014,2014,9,14,"AUSTIN BERGSTROM INTERNATIONAL AIRPORT, TX US",67.7,1021.3,0.68
9/15/2014,2014,9,15,"AUSTIN BERGSTROM INTERNATIONAL AIRPORT, TX US",75,1018.7,0
9/16/2014,2014,9,16,"AUSTIN BERGSTROM INTERNATIONAL AIRPORT, TX US",82,1016.6,0
9/17/2014,2014,9,17,"AUSTIN BERGSTROM INTERNATIONAL AIRPORT, TX US",79.4,1012.9,0.02
9/18/2014,2014,9,18,"AUSTIN BERGSTROM INTERNATIONAL AIRPORT, TX US",79.5,1010.3,3.82
9/19/2014,2014,9,19,"AUSTIN BERGSTROM INTERNATIONAL AIRPORT, TX US",77.8,1011.1,0.32
9/20/2014,2014,9,20,"AUSTIN BERGSTROM INTERNATIONAL AIRPORT, TX US",78.9,1012.3,0.02
9/21/2014,2014,9,21,"AUSTIN BERGSTROM INTERNATIONAL AIRPORT, TX US",79.5,1015.2,0.19
9/22/2014,2014,9,22,"AUSTIN BERGSTROM INTERNATIONAL AIRPORT, TX US",78.4,1017.5,0
9/23/2014,2014,9,23,"AUSTIN BERGSTROM INTERNATIONAL AIRPORT, TX US",76.1,1018.6,0
9/24/2014,2014,9,24,"AUSTIN BERGSTROM INTERNATIONAL AIRPORT, TX US",69.7,1018.8,0
9/25/2014,2014,9,25,"AUSTIN BERGSTROM INTERNATIONAL AIRPORT, TX US",70.8,1019.4,0
9/26/2014,2014,9,26,"AUSTIN BERGSTROM INTERNATIONAL AIRPORT, TX US",73.5,1017.3,0
9/27/2014,2014,9,27,"AUSTIN BERGSTROM INTERNATIONAL AIRPORT, TX US",75,1015.9,0
9/28/2014,2014,9,28,"AUSTIN BERGSTROM INTERNATIONAL AIRPORT, TX US",72.5,1015.1,0.01
9/29/2014,2014,9,29,"AUSTIN BERGSTROM INTERNATIONAL AIRPORT, TX US",74.6,1013.7,0
9/30/2014,2014,9,30,"AUSTIN BERGSTROM INTERNATIONAL AIRPORT, TX US",75.2,1010.6,0
10/1/2014,2014,10,1,"AUSTIN BERGSTROM INTERNATIONAL AIRPORT, TX US",80.9,1007.8,0
10/2/2014,2014,10,2,"AUSTIN BERGSTROM INTERNATIONAL AIRPORT, TX US",83.6,1008.5,0
10/3/2014,2014,10,3,"AUSTIN BERGSTROM INTERNATIONAL AIRPORT, TX US",75.9,1015.3,0.03
10/4/2014,2014,10,4,"AUSTIN BERGSTROM INTERNATIONAL AIRPORT, TX US",65.5,1021,0
10/5/2014,2014,10,5,"AUSTIN BERGSTROM INTERNATIONAL AIRPORT, TX US",68.2,1013.4,0
10/6/2014,2014,10,6,"AUSTIN BERGSTROM INTERNATIONAL AIRPORT, TX US",77.9,1010.1,0
10/7/2014,2014,10,7,"AUSTIN BERGSTROM INTERNATIONAL AIRPORT, TX US",78.4,1011.9,0
10/8/2014,2014,10,8,"AUSTIN BERGSTROM INTERNATIONAL AIRPORT, TX US",79.6,1013.8,0
10/9/2014,2014,10,9,"AUSTIN BERGSTROM INTERNATIONAL AIRPORT, TX US",81.2,1013,0.02
10/10/2014,2014,10,10,"AUSTIN BERGSTROM INTERNATIONAL AIRPORT, TX US",81.3,1011.1,0.01
10/11/2014,2014,10,11,"AUSTIN BERGSTROM INTERNATIONAL AIRPORT, TX US",70.8,1014.1,0.04
10/12/2014,2014,10,12,"AUSTIN BERGSTROM INTERNATIONAL AIRPORT, TX US",65.1,1014.8,1.42
10/13/2014,2014,10,13,"AUSTIN BERGSTROM INTERNATIONAL AIRPORT, TX US",73.6,1008.1,0.01
10/14/2014,2014,10,14,"AUSTIN BERGSTROM INTERNATIONAL AIRPORT, TX US",64.8,1017.8,0.09
10/15/2014,2014,10,15,"AUSTIN BERGSTROM INTERNATIONAL AIRPORT, TX US",64.7,1018.4,0
10/16/2014,2014,10,16,"AUSTIN BERGSTROM INTERNATIONAL AIRPORT, TX US",66.5,1014.7,0
10/17/2014,2014,10,17,"AUSTIN BERGSTROM INTERNATIONAL AIRPORT, TX US",69,1012.2,0
10/18/2014,2014,10,18,"AUSTIN BERGSTROM INTERNATIONAL AIRPORT, TX US",70.9,1014.4,0
10/19/2014,2014,10,19,"AUSTIN BERGSTROM INTERNATIONAL AIRPORT, TX US",69.6,1017,0
10/20/2014,2014,10,20,"AUSTIN BERGSTROM INTERNATIONAL AIRPORT, TX US",67.9,1016.3,0
10/21/2014,2014,10,21,"AUSTIN BERGSTROM INTERNATIONAL AIRPORT, TX US",67.1,1016.5,0
10/22/2014,2014,10,22,"AUSTIN BERGSTROM INTERNATIONAL AIRPORT, TX US",67.2,1017.4,0
10/23/2014,2014,10,23,"AUSTIN BERGSTROM INTERNATIONAL AIRPORT, TX US",71.6,1018.4,0.02
10/24/2014,2014,10,24,"AUSTIN BERGSTROM INTERNATIONAL AIRPORT, TX US",68.1,1019.4,0
10/25/2014,2014,10,25,"AUSTIN BERGSTROM INTERNATIONAL AIRPORT, TX US",69.6,1019.7,0
10/26/2014,2014,10,26,"AUSTIN BERGSTROM INTERNATIONAL AIRPORT, TX US",69.4,1016.6,0
10/27/2014,2014,10,27,"AUSTIN BERGSTROM INTERNATIONAL AIRPORT, TX US",70.5,1011.9,0
10/28/2014,2014,10,28,"AUSTIN BERGSTROM INTERNATIONAL AIRPORT, TX US",70.7,1013.4,0
10/29/2014,2014,10,29,"AUSTIN BERGSTROM INTERNATIONAL AIRPORT, TX US",70.9,1018.2,0
10/30/2014,2014,10,30,"AUSTIN BERGSTROM INTERNATIONAL AIRPORT, TX US",67.2,1018.9,0
10/31/2014,2014,10,31,"AUSTIN BERGSTROM INTERNATIONAL AIRPORT, TX US",67.4,1021.5,0.3
11/1/2014,2014,11,1,"AUSTIN BERGSTROM INTERNATIONAL AIRPORT, TX US",55.3,1026.9,0.17
11/2/2014,2014,11,2,"AUSTIN BERGSTROM INTERNATIONAL AIRPORT, TX US",55.2,1025.2,0
11/3/2014,2014,11,3,"AUSTIN BERGSTROM INTERNATIONAL AIRPORT, TX US",65.6,1020.6,0
11/4/2014,2014,11,4,"AUSTIN BERGSTROM INTERNATIONAL AIRPORT, TX US",73.3,1017.3,0
11/5/2014,2014,11,5,"AUSTIN BERGSTROM INTERNATIONAL AIRPORT, TX US",58.2,1019.8,0.97
11/6/2014,2014,11,6,"AUSTIN BERGSTROM INTERNATIONAL AIRPORT, TX US",57.9,1024.3,1.13
11/7/2014,2014,11,7,"AUSTIN BERGSTROM INTERNATIONAL AIRPORT, TX US",59.4,1023.9,0.01
11/8/2014,2014,11,8,"AUSTIN BERGSTROM INTERNATIONAL AIRPORT, TX US",57.3,1018.2,0
11/9/2014,2014,11,9,"AUSTIN BERGSTROM INTERNATIONAL AIRPORT, TX US",57.1,1020.2,0
11/10/2014,2014,11,10,"AUSTIN BERGSTROM INTERNATIONAL AIRPORT, TX US",58.2,1011.9,0
11/11/2014,2014,11,11,"AUSTIN BERGSTROM INTERNATIONAL AIRPORT, TX US",58.7,1012.3,0
11/12/2014,2014,11,12,"AUSTIN BERGSTROM INTERNATIONAL AIRPORT, TX US",43.6,1024.6,0
11/13/2014,2014,11,13,"AUSTIN BERGSTROM INTERNATIONAL AIRPORT, TX US",38.5,1031.9,0
11/14/2014,2014,11,14,"AUSTIN BERGSTROM INTERNATIONAL AIRPORT, TX US",35.4,1031.2,0
11/15/2014,2014,11,15,"AUSTIN BERGSTROM INTERNATIONAL AIRPORT, TX US",43.3,1024.1,0
11/16/2014,2014,11,16,"AUSTIN BERGSTROM INTERNATIONAL AIRPORT, TX US",47.6,1015.8,0.02
11/17/2014,2014,11,17,"AUSTIN BERGSTROM INTERNATIONAL AIRPORT, TX US",39.6,1027.1,0.01
11/18/2014,2014,11,18,"AUSTIN BERGSTROM INTERNATIONAL AIRPORT, TX US",39.4,1032.3,0
11/19/2014,2014,11,19,"AUSTIN BERGSTROM INTERNATIONAL AIRPORT, TX US",42.9,1027.3,0
11/20/2014,2014,11,20,"AUSTIN BERGSTROM INTERNATIONAL AIRPORT, TX US",51.2,1020.5,0
11/21/2014,2014,11,21,"AUSTIN BERGSTROM INTERNATIONAL AIRPORT, TX US",65.3,1017.5,0.02
11/22/2014,2014,11,22,"AUSTIN BERGSTROM INTERNATIONAL AIRPORT, TX US",66.1,1013.7,0.32
11/23/2014,2014,11,23,"AUSTIN BERGSTROM INTERNATIONAL AIRPORT, TX US",64.9,1002.8,3.3
11/24/2014,2014,11,24,"AUSTIN BERGSTROM INTERNATIONAL AIRPORT, TX US",58.1,1012.9,0
11/25/2014,2014,11,25,"AUSTIN BERGSTROM INTERNATIONAL AIRPORT, TX US",48,1023.7,0
11/26/2014,2014,11,26,"AUSTIN BERGSTROM INTERNATIONAL AIRPORT, TX US",53.3,1022.4,0
11/27/2014,2014,11,27,"AUSTIN BERGSTROM INTERNATIONAL AIRPORT, TX US",50.7,1029.7,0
11/28/2014,2014,11,28,"AUSTIN BERGSTROM INTERNATIONAL AIRPORT, TX US",49.3,1026.2,0
11/29/2014,2014,11,29,"AUSTIN BERGSTROM INTERNATIONAL AIRPORT, TX US",60.8,1017.3,0
11/30/2014,2014,11,30,"AUSTIN BERGSTROM INTERNATIONAL AIRPORT, TX US",70.4,1015.5,0
12/1/2014,2014,12,1,"AUSTIN BERGSTROM INTERNATIONAL AIRPORT, TX US",56.8,1024,0
12/2/2014,2014,12,2,"AUSTIN BERGSTROM INTERNATIONAL AIRPORT, TX US",42.9,1029.5,0
12/3/2014,2014,12,3,"AUSTIN BERGSTROM INTERNATIONAL AIRPORT, TX US",50.7,1022.9,0
12/4/2014,2014,12,4,"AUSTIN BERGSTROM INTERNATIONAL AIRPORT, TX US",60.8,1019.9,0
12/5/2014,2014,12,5,"AUSTIN BERGSTROM INTERNATIONAL AIRPORT, TX US",67.3,1017.7,0.07
12/6/2014,2014,12,6,"AUSTIN BERGSTROM INTERNATIONAL AIRPORT, TX US",60.4,1023.5,0
12/7/2014,2014,12,7,"AUSTIN BERGSTROM INTERNATIONAL AIRPORT, TX US",53.6,1026.8,0
12/8/2014,2014,12,8,"AUSTIN BERGSTROM INTERNATIONAL AIRPORT, TX US",54.9,1026.1,0
12/9/2014,2014,12,9,"AUSTIN BERGSTROM INTERNATIONAL AIRPORT, TX US",50.9,1026.7,0
12/10/2014,2014,12,10,"AUSTIN BERGSTROM INTERNATIONAL AIRPORT, TX US",52.8,1023.6,0
12/11/2014,2014,12,11,"AUSTIN BERGSTROM INTERNATIONAL AIRPORT, TX US",59.3,1020.9,0.05
12/12/2014,2014,12,12,"AUSTIN BERGSTROM INTERNATIONAL AIRPORT, TX US",63.7,1022.8,0.01
12/13/2014,2014,12,13,"AUSTIN BERGSTROM INTERNATIONAL AIRPORT, TX US",58.5,1021.4,0
12/14/2014,2014,12,14,"AUSTIN BERGSTROM INTERNATIONAL AIRPORT, TX US",66.6,1014.8,0
12/15/2014,2014,12,15,"AUSTIN BERGSTROM INTERNATIONAL AIRPORT, TX US",68.1,1013.8,0.07
12/16/2014,2014,12,16,"AUSTIN BERGSTROM INTERNATIONAL AIRPORT, TX US",49.3,1023.6,0
12/17/2014,2014,12,17,"AUSTIN BERGSTROM INTERNATIONAL AIRPORT, TX US",51.9,1023.6,0
12/18/2014,2014,12,18,"AUSTIN BERGSTROM INTERNATIONAL AIRPORT, TX US",52.4,1019.1,0.1
12/19/2014,2014,12,19,"AUSTIN BERGSTROM INTERNATIONAL AIRPORT, TX US",52.3,1019,0.54
12/20/2014,2014,12,20,"AUSTIN BERGSTROM INTERNATIONAL AIRPORT, TX US",50.8,1022.2,0.05
12/21/2014,2014,12,21,"AUSTIN BERGSTROM INTERNATIONAL AIRPORT, TX US",51.8,1018.7,0
12/22/2014,2014,12,22,"AUSTIN BERGSTROM INTERNATIONAL AIRPORT, TX US",59.7,1006.3,0
12/23/2014,2014,12,23,"AUSTIN BERGSTROM INTERNATIONAL AIRPORT, TX US",54.3,1005.8,0
12/24/2014,2014,12,24,"AUSTIN BERGSTROM INTERNATIONAL AIRPORT, TX US",48,1017.3,0
12/25/2014,2014,12,25,"AUSTIN BERGSTROM INTERNATIONAL AIRPORT, TX US",43.1,1018.7,0
12/26/2014,2014,12,26,"AUSTIN BERGSTROM INTERNATIONAL AIRPORT, TX US",58.6,1013.8,0
12/27/2014,2014,12,27,"AUSTIN BERGSTROM INTERNATIONAL AIRPORT, TX US",56.4,1017.3,0.01
12/28/2014,2014,12,28,"AUSTIN BERGSTROM INTERNATIONAL AIRPORT, TX US",40.8,1024.3,0.04
12/29/2014,2014,12,29,"AUSTIN BERGSTROM INTERNATIONAL AIRPORT, TX US",39.7,1021.2,0.12
12/30/2014,2014,12,30,"AUSTIN BERGSTROM INTERNATIONAL AIRPORT, TX US",42.8,1024.8,0
12/31/2014,2014,12,31,"AUSTIN BERGSTROM INTERNATIONAL AIRPORT, TX US",40,1031.8,0
